rank,scientific_name,common_name,iconic_taxon_name,confidence,prob_mean,prob_std,models_agree,prob_RF_v1,prob_RF_v2,prob_RF_v3,prob_XGB_v1,prob_XGB_v2,prob_XGB_v3
1,Quercus berberidifolia × engelmannii,,Plantae,Very High (>90%),0.9993,0.0008,6,1.0,1.0,0.9981,0.9999,0.9988,0.9992
2,Eucrypta chrysanthemifolia,common eucrypta,Plantae,Very High (>90%),0.9987,0.0013,6,1.0,1.0,0.9975,0.9997,0.9971,0.998
3,Apodemia,,Insecta,Very High (>90%),0.9987,0.0013,6,1.0,1.0,0.9975,0.9997,0.9971,0.998
4,Coccinellini,Black-spotted Lady Beetles,Insecta,Very High (>90%),0.9987,0.0013,6,1.0,1.0,0.9975,0.9997,0.9971,0.998
5,Cardueae,,Plantae,Very High (>90%),0.9987,0.0013,6,1.0,1.0,0.9975,0.9997,0.9971,0.998
6,Gnaphosidae,Stealthy Ground Spiders,Arachnida,Very High (>90%),0.9985,0.0016,6,1.0,0.9979,0.9956,0.9998,0.9991,0.9987
7,Ceriporia spissa,,Fungi,Very High (>90%),0.9976,0.0038,6,0.99,0.9997,0.9994,0.9997,0.9982,0.9986
8,Aureoboletus flaviporus,viscid bolete,Fungi,Very High (>90%),0.9957,0.0081,6,0.9792,0.9988,0.9975,0.9998,0.9993,0.9993
9,Agaricaceae,Field Mushrooms and Allies,Fungi,Very High (>90%),0.9949,0.0089,6,0.977,0.998,0.996,0.9998,0.9994,0.9993
10,Salsola,Russian Thistles,Plantae,Very High (>90%),0.9935,0.0091,6,0.9756,0.9953,0.9933,0.9997,0.9987,0.9986
11,Stachys albens,whitestem hedgenettle,Plantae,Very High (>90%),0.9935,0.0091,6,0.9756,0.9953,0.9933,0.9997,0.9987,0.9986
12,Russula maculata,,Fungi,Very High (>90%),0.9935,0.0091,6,0.9756,0.9953,0.9933,0.9997,0.9987,0.9986
13,Aphelocoma californica obscura,Belding's Scrub-Jay,Aves,Very High (>90%),0.9928,0.0087,6,0.9756,0.9992,0.9944,0.9975,0.9929,0.997
14,Icaricia acmon,Acmon Blue,Insecta,Very High (>90%),0.9912,0.0113,6,0.9686,0.9938,0.9941,0.9986,0.9956,0.9967
15,Nolanea,,Fungi,Very High (>90%),0.9892,0.0193,6,0.95,0.9972,0.9976,0.9985,0.9942,0.9979
16,Stropharia coronilla,Garland Roundhead,Fungi,Very High (>90%),0.9887,0.0111,6,0.9707,0.9845,0.9836,0.9989,0.9968,0.9976
17,Nicotiana quadrivalvis,Indian tobacco,Plantae,Very High (>90%),0.987,0.0123,6,0.9656,0.985,0.9818,0.9958,0.9964,0.9972
18,Leiothlypis celata,Orange-crowned Warbler,Aves,Very High (>90%),0.9851,0.0159,6,0.9567,0.9819,0.9812,0.9988,0.9961,0.9958
19,Evernia prunastri,Oakmoss,Fungi,Very High (>90%),0.981,0.0249,6,0.9333,0.9932,0.9737,0.9977,0.9918,0.9964
20,Pseudognaphalium microcephalum,Feltleaf Everlasting,Plantae,Very High (>90%),0.9788,0.0217,6,0.9367,0.9767,0.9853,0.9948,0.9855,0.9941
21,Pseudognaphalium stramineum,cottonbatting plant,Plantae,Very High (>90%),0.9788,0.0217,6,0.9367,0.9767,0.9853,0.9948,0.9855,0.9941
22,Druon quercuslanigerum,,Insecta,Very High (>90%),0.9716,0.0355,6,0.9007,0.9753,0.9827,0.9857,0.9887,0.9967
23,Inocybe,Fiber Caps,Fungi,Very High (>90%),0.9716,0.0355,6,0.9007,0.9753,0.9827,0.9857,0.9887,0.9967
24,Geraniaceae,Geranium family,Plantae,Very High (>90%),0.9676,0.0528,6,0.8633,0.9803,0.9656,0.9998,0.9978,0.9985
25,Gymnopilus ventricosus,Western Jumbo Gym,Fungi,Very High (>90%),0.9674,0.0566,6,0.8533,0.9838,0.9749,0.9995,0.9947,0.9979
26,Megachile angelarum,,Insecta,Very High (>90%),0.9663,0.0609,6,0.843,0.9872,0.9784,0.9993,0.9939,0.9962
27,Acer saccharinum,silver maple,Plantae,Very High (>90%),0.9633,0.0281,6,0.918,0.9434,0.9665,0.996,0.9782,0.9776
28,Sayapis,,Insecta,Very High (>90%),0.9605,0.0465,6,0.8733,0.9437,0.9765,0.9928,0.9824,0.9946
29,Tenebrionidae,Darkling Beetles,Insecta,Very High (>90%),0.9531,0.0462,6,0.8626,0.9465,0.9712,0.9782,0.9759,0.9843
30,Sambucus cerulea,blue elder,Plantae,Very High (>90%),0.9519,0.044,6,0.8633,0.9626,0.9765,0.9761,0.9594,0.9733
31,Xylocopa sonorina,Valley Carpenter Bee,Insecta,Very High (>90%),0.9515,0.0567,6,0.8633,0.9467,0.907,0.9981,0.9965,0.9976
32,Clarkia,Clarkias,Plantae,Very High (>90%),0.9508,0.0687,6,0.8139,0.9642,0.9574,0.9897,0.986,0.9939
33,Mycogone rosea,,Fungi,Very High (>90%),0.9508,0.0687,6,0.8139,0.9642,0.9574,0.9897,0.986,0.9939
34,Centaurea cyanus,Cornflower,Plantae,Very High (>90%),0.9508,0.0687,6,0.8139,0.9642,0.9574,0.9897,0.986,0.9939
35,Vespidae,"Hornets, Paper Wasps, Potter Wasps, and Allies",Insecta,Very High (>90%),0.9508,0.0687,6,0.8139,0.9642,0.9574,0.9897,0.986,0.9939
36,Andrena,Mining Bees,Insecta,Very High (>90%),0.9501,0.0502,6,0.85,0.9593,0.9779,0.9823,0.9549,0.976
37,Hylaeus,Masked Bees,Insecta,Very High (>90%),0.9501,0.0502,6,0.85,0.9593,0.9779,0.9823,0.9549,0.976
38,Asterellopsis palmeri,Palmer's asterella,Plantae,Very High (>90%),0.9486,0.0617,6,0.8485,0.9492,0.9037,0.9982,0.9946,0.9977
39,Clutia,Cluts,Plantae,Very High (>90%),0.9473,0.0365,6,0.8939,0.9104,0.9733,0.979,0.9748,0.9526
40,Tylobolus claremontus,,Animalia,Very High (>90%),0.9473,0.0365,6,0.8939,0.9104,0.9733,0.979,0.9748,0.9526
41,Amsinckia menziesii intermedia,Rancher's fiddleneck,Plantae,Very High (>90%),0.9469,0.0599,6,0.8367,0.9264,0.9516,0.9887,0.987,0.9913
42,Eriogonum elongatum,Long-stemmed Buckwheat,Plantae,Very High (>90%),0.9469,0.0599,6,0.8367,0.9264,0.9516,0.9887,0.987,0.9913
43,Psathyrella bipellis,Maroon Brittlestem,Fungi,Very High (>90%),0.9469,0.0599,6,0.8367,0.9264,0.9516,0.9887,0.987,0.9913
44,Lucilia,Greenbottle Flies,Insecta,Very High (>90%),0.9446,0.0756,6,0.796,0.9378,0.9668,0.9935,0.9879,0.9853
45,Vanessa annabella,West Coast Lady,Insecta,Very High (>90%),0.943,0.05,6,0.8489,0.9239,0.966,0.9689,0.9722,0.978
46,Zadontomerus,,Insecta,Very High (>90%),0.943,0.05,6,0.8489,0.9239,0.966,0.9689,0.9722,0.978
47,Pezizaceae,"Pezizas, Desert Truffles, and Allies",Fungi,Very High (>90%),0.9423,0.0422,6,0.8634,0.9314,0.97,0.9579,0.981,0.9502
48,Trichostema lanceolatum,Vinegar Weed,Plantae,Very High (>90%),0.9422,0.0842,6,0.7739,0.9634,0.9498,0.9941,0.9804,0.9918
49,Dasymutilla aureola,Pacific Velvet Ant,Insecta,Very High (>90%),0.9421,0.0678,6,0.84,0.935,0.8848,0.999,0.9959,0.9977
50,Callophrys augustinus iroides,Western Brown Elfin,Insecta,Very High (>90%),0.9414,0.083,6,0.7758,0.9449,0.9699,0.9732,0.9899,0.9945
51,Sturnella neglecta,Western Meadowlark,Aves,Very High (>90%),0.9385,0.0694,6,0.8133,0.9185,0.9294,0.9897,0.9877,0.9923
52,Spodoptera exigua,Beet Armyworm Moth,Insecta,Very High (>90%),0.9376,0.0833,6,0.78,0.9199,0.9443,0.9966,0.9898,0.9946
53,Bovista,True Puffballs,Fungi,Very High (>90%),0.9351,0.0841,6,0.7767,0.917,0.9393,0.9963,0.9868,0.9946
54,Lythrum hyssopifolia,Hyssop Loosestrife,Plantae,Very High (>90%),0.9349,0.0761,6,0.8192,0.9254,0.8729,0.9986,0.9958,0.9973
55,Erodium malacoides,Soft Stork's-bill,Plantae,Very High (>90%),0.9349,0.0761,6,0.8192,0.9254,0.8729,0.9986,0.9958,0.9973
56,Lathyrus vestitus,Pacific pea,Plantae,Very High (>90%),0.9339,0.0545,6,0.8363,0.9021,0.9664,0.9673,0.9741,0.957
57,Corvus,Crows and Ravens,Aves,Very High (>90%),0.9303,0.0929,6,0.7567,0.9124,0.9272,0.9986,0.9912,0.9956
58,Aceria boycei,Ragweed Gall Mite,Arachnida,Very High (>90%),0.9295,0.0861,6,0.7597,0.9487,0.9286,0.9816,0.9689,0.9893
59,Agrocybe,,Fungi,Very High (>90%),0.9238,0.0507,6,0.833,0.9192,0.9695,0.9238,0.9739,0.9231
60,Leocarpus fragilis,insect-egg slime,Protozoa,Very High (>90%),0.9235,0.0795,6,0.7769,0.9046,0.9193,0.9892,0.9693,0.9814
61,Acmispon americanus,Spanish clover,Plantae,Very High (>90%),0.9226,0.1025,6,0.733,0.934,0.8873,0.9971,0.987,0.9969
62,Thamnophis hammondii,Two-striped Garter Snake,Reptilia,Very High (>90%),0.9204,0.072,6,0.8125,0.8689,0.8978,0.9723,0.9861,0.9846
63,Trochilidae,Hummingbirds,Aves,Very High (>90%),0.9186,0.0698,6,0.7918,0.8993,0.9653,0.9119,0.969,0.9746
64,Euura,,Insecta,Very High (>90%),0.9186,0.0698,6,0.7918,0.8993,0.9653,0.9119,0.969,0.9746
65,Sisymbrium officinale,Hedge mustard,Plantae,Very High (>90%),0.9186,0.0698,6,0.7918,0.8993,0.9653,0.9119,0.969,0.9746
66,Hypochaeris radicata,Common Cat's-ear,Plantae,Very High (>90%),0.9147,0.0896,6,0.7458,0.9011,0.9161,0.9576,0.9774,0.9901
67,Agaricus hondensis,Felt-ringed Agaricus,Fungi,Very High (>90%),0.9141,0.0824,6,0.7508,0.9086,0.9622,0.9483,0.953,0.962
68,Serpentes,Snakes,Reptilia,Very High (>90%),0.9104,0.0861,6,0.7505,0.8953,0.9061,0.9765,0.952,0.9821
69,Ambrosia,Ragweeds,Plantae,Very High (>90%),0.9091,0.1138,6,0.69,0.8932,0.9236,0.9794,0.9771,0.9914
70,Stephanomeria exigua,Small Wirelettuce,Plantae,Very High (>90%),0.9028,0.0402,6,0.8722,0.8758,0.917,0.9457,0.9499,0.8561
71,Clarkia amoena,Farewell-To-Spring,Plantae,Very High (>90%),0.9004,0.0696,6,0.7656,0.8959,0.9598,0.9125,0.9317,0.9372
72,Leptocybe invasa,Eucalyptus Stem Gall Wasp,Insecta,High (70-90%),0.8979,0.1229,6,0.6622,0.8641,0.9531,0.9546,0.9836,0.97
73,Rabdophaga salicisbatatus,Potato Gall Midge,Insecta,High (70-90%),0.8972,0.1275,6,0.6522,0.8641,0.9499,0.9593,0.9879,0.97
74,Pterygota,Winged and Once-winged Insects,Insecta,High (70-90%),0.8972,0.1275,6,0.6522,0.8641,0.9499,0.9593,0.9879,0.97
75,Irbisia,,Insecta,High (70-90%),0.8972,0.1275,6,0.6522,0.8641,0.9499,0.9593,0.9879,0.97
76,Superstitionia donensis,Superstition Mountains Scorpion,Arachnida,High (70-90%),0.8966,0.0904,6,0.732,0.8944,0.9526,0.8689,0.978,0.9533
77,Melinis repens,Natal Grass,Plantae,High (70-90%),0.8966,0.0904,6,0.732,0.8944,0.9526,0.8689,0.978,0.9533
78,Psathyrella longipes,Tall Psathyrella,Fungi,High (70-90%),0.8966,0.0904,6,0.732,0.8944,0.9526,0.8689,0.978,0.9533
79,Trirhabda sericotrachyla,California sagebrush leaf beetle,Insecta,High (70-90%),0.8966,0.0904,6,0.732,0.8944,0.9526,0.8689,0.978,0.9533
80,Cenchrus setaceus,Fountain Grass,Plantae,High (70-90%),0.8966,0.0904,6,0.732,0.8944,0.9526,0.8689,0.978,0.9533
81,Dipterostemon,,Plantae,High (70-90%),0.8966,0.0904,6,0.732,0.8944,0.9526,0.8689,0.978,0.9533
82,Corvus corax,Common Raven,Aves,High (70-90%),0.8954,0.0782,6,0.7583,0.926,0.9704,0.9305,0.9384,0.849
83,Cryptantha muricata,pointed cryptantha,Plantae,High (70-90%),0.895,0.0753,6,0.765,0.9265,0.9708,0.9174,0.9412,0.849
84,Volvopluteus,,Fungi,High (70-90%),0.8936,0.0938,6,0.7149,0.8809,0.8981,0.9513,0.9484,0.9682
85,Baccharis sergiloides,desert baccharis,Plantae,High (70-90%),0.8936,0.0938,6,0.7149,0.8809,0.8981,0.9513,0.9484,0.9682
86,Solanum xanti,purple nightshade,Plantae,High (70-90%),0.8876,0.1106,6,0.702,0.8217,0.8839,0.9519,0.9832,0.9826
87,Clitocybe,Funnels,Fungi,High (70-90%),0.8871,0.0512,6,0.8306,0.8472,0.9494,0.9502,0.8688,0.8762
88,Hesperocnide tenella,Western nettle,Plantae,High (70-90%),0.8855,0.0772,6,0.7458,0.851,0.897,0.95,0.9385,0.9304
89,Micranthophora,,Insecta,High (70-90%),0.8811,0.1143,6,0.6871,0.9002,0.9596,0.8036,0.9718,0.964
90,Trirhabda geminata,Encelia Leaf Beetle,Insecta,High (70-90%),0.8809,0.0659,6,0.78,0.913,0.9431,0.8508,0.9494,0.849
91,Erynnis pacuvius,Pacuvius Duskywing,Insecta,High (70-90%),0.8808,0.124,6,0.6752,0.8465,0.8211,0.9842,0.98,0.9776
92,Pontia,,Insecta,High (70-90%),0.8781,0.0731,6,0.7433,0.9016,0.9388,0.9052,0.9304,0.849
93,Peziza arvernensis,,Fungi,High (70-90%),0.876,0.0669,6,0.8367,0.8671,0.9719,0.8028,0.9432,0.8346
94,Schoenoplectus,Schoenoplectus Bulrushes,Plantae,High (70-90%),0.8754,0.0731,6,0.7767,0.9147,0.9757,0.9151,0.8183,0.8523
95,Cryptocephalus andrewsi,,Insecta,High (70-90%),0.8754,0.0731,6,0.7767,0.9147,0.9757,0.9151,0.8183,0.8523
96,Amaranthus palmeri,Palmer's Amaranth,Plantae,High (70-90%),0.8704,0.0833,6,0.7233,0.9001,0.9569,0.8586,0.9347,0.849
97,Lathyrus vestitus alefeldii,San Diego Pea,Plantae,High (70-90%),0.8704,0.142,6,0.5915,0.8559,0.9506,0.9155,0.9653,0.9436
98,Inocybe insinuata,,Fungi,High (70-90%),0.8703,0.0989,6,0.7142,0.8688,0.9524,0.7971,0.9708,0.9189
99,Gnorimoschema baccharisella,Coyote Brush Stem Gall Moth,Insecta,High (70-90%),0.869,0.1102,6,0.6781,0.8102,0.8751,0.9325,0.9439,0.9742
100,Erigeron foliosus foliosus,Thread stemmed fleabane,Plantae,High (70-90%),0.869,0.1102,6,0.6781,0.8102,0.8751,0.9325,0.9439,0.9742
101,Aves,Birds,Aves,High (70-90%),0.869,0.1102,6,0.6781,0.8102,0.8751,0.9325,0.9439,0.9742
102,Chiroptera,Bats,Mammalia,High (70-90%),0.869,0.1102,6,0.6781,0.8102,0.8751,0.9325,0.9439,0.9742
103,Sonchus oleraceus,Common Sow-thistle,Plantae,High (70-90%),0.8616,0.1377,6,0.6131,0.8092,0.8684,0.9777,0.9716,0.9298
104,Anthrenus lepidus,,Insecta,High (70-90%),0.8606,0.0792,6,0.8,0.8828,0.9221,0.7327,0.9412,0.8851
105,Sphenophorus venatus,Hunting Billbug,Insecta,High (70-90%),0.8589,0.1342,6,0.6267,0.8702,0.9525,0.7811,0.9693,0.9535
106,Latrodectus hesperus,Western Black Widow,Arachnida,High (70-90%),0.8589,0.1342,6,0.6267,0.8702,0.9525,0.7811,0.9693,0.9535
107,Platynus brunneomarginatus,,Insecta,High (70-90%),0.8589,0.1342,6,0.6267,0.8702,0.9525,0.7811,0.9693,0.9535
108,Distichlis spicata,Saltgrass,Plantae,High (70-90%),0.8525,0.1332,6,0.6248,0.92,0.9251,0.7551,0.9287,0.9612
109,Acmispon americanus americanus,Spanish clover,Plantae,High (70-90%),0.8525,0.1332,6,0.6248,0.92,0.9251,0.7551,0.9287,0.9612
110,Myrtales,"myrtles, evening primroses, and allies",Plantae,High (70-90%),0.8525,0.1332,6,0.6248,0.92,0.9251,0.7551,0.9287,0.9612
111,Haliotis fulgens,Green Abalone,Mollusca,High (70-90%),0.8525,0.1332,6,0.6248,0.92,0.9251,0.7551,0.9287,0.9612
112,Callirhytis perdens,Ruptured Twig Gall Wasp,Insecta,High (70-90%),0.8478,0.1509,6,0.5722,0.7928,0.8569,0.961,0.9651,0.9389
113,Dryocosmus minusculus,Pumpkin Gall Wasp,Insecta,High (70-90%),0.8478,0.1509,6,0.5722,0.7928,0.8569,0.961,0.9651,0.9389
114,Quercus agrifolia agrifolia,California Live Oak,Plantae,High (70-90%),0.8478,0.1509,6,0.5722,0.7928,0.8569,0.961,0.9651,0.9389
115,Glaucopsyche lygdamus,Silvery Blue,Insecta,High (70-90%),0.8477,0.0899,6,0.7605,0.8938,0.9463,0.8369,0.9238,0.725
116,Dryocosmus dubiosus,Two-horned Gall Wasp,Insecta,High (70-90%),0.8318,0.1157,6,0.6475,0.8148,0.9497,0.7906,0.9624,0.8256
117,Elanus leucurus,White-tailed Kite,Aves,High (70-90%),0.8313,0.1647,6,0.65,0.6939,0.7027,0.989,0.9923,0.96
118,Deinandra,,Plantae,High (70-90%),0.8153,0.0914,6,0.7267,0.7427,0.7292,0.8799,0.9206,0.8927
119,Solanum nigrum,Black Nightshade Complex,Plantae,High (70-90%),0.8141,0.1266,6,0.6492,0.8666,0.8665,0.6699,0.8628,0.97
120,Chlorophyllum brunneum,Shaggy Parasol,Fungi,High (70-90%),0.8141,0.1266,6,0.6492,0.8666,0.8665,0.6699,0.8628,0.97
121,Animalia,Animals,Animalia,High (70-90%),0.8101,0.099,6,0.8033,0.8271,0.8472,0.6326,0.9358,0.8147
122,Eucalyptus cladocalyx,sugar gum,Plantae,High (70-90%),0.8056,0.1565,6,0.5358,0.7475,0.9113,0.7715,0.9579,0.9093
123,Hebeloma,Poisonpies,Fungi,High (70-90%),0.779,0.1356,6,0.6633,0.6532,0.6593,0.9408,0.9131,0.8441
124,Eriophyllum confertiflorum confertiflorum,,Plantae,High (70-90%),0.7761,0.1357,6,0.6798,0.8739,0.9521,0.5718,0.7987,0.7802
125,Callophrys dumetorum,Lotus Hairstreak,Insecta,High (70-90%),0.7727,0.1037,6,0.746,0.8123,0.8286,0.785,0.8821,0.5825
126,Matricaria discoidea,pineapple-weed,Plantae,High (70-90%),0.7642,0.1023,6,0.6567,0.7218,0.7268,0.9117,0.8709,0.6974
127,Collybia brunneocephala,Brownit,Fungi,High (70-90%),0.7578,0.1098,6,0.68,0.6762,0.6781,0.89,0.9062,0.7161
128,Mirabilis laevis crassifolia,California Four o'Clock,Plantae,High (70-90%),0.7455,0.092,6,0.6256,0.7005,0.7139,0.8043,0.8918,0.7367
129,Lupinus microcarpus densiflorus,Dense-flowered Lupine,Plantae,High (70-90%),0.7439,0.1512,6,0.5833,0.7772,0.857,0.5278,0.8849,0.8335
130,Chimarocephala pacifica,Painted Meadow Grasshopper,Insecta,High (70-90%),0.7439,0.1512,6,0.5833,0.7772,0.857,0.5278,0.8849,0.8335
131,Peucetia,Green Lynx Spiders,Arachnida,High (70-90%),0.7414,0.1704,6,0.523,0.6225,0.6534,0.9294,0.9381,0.7819
132,Oxalis pes-caprae,Bermuda buttercup,Plantae,High (70-90%),0.7414,0.1704,6,0.523,0.6225,0.6534,0.9294,0.9381,0.7819
133,Entoloma,Pinkgills,Fungi,High (70-90%),0.7402,0.072,6,0.65,0.7538,0.8617,0.6999,0.7627,0.7133
134,Pepsis,New World Tarantula-hawk Wasps,Insecta,High (70-90%),0.7355,0.2065,5,0.7092,0.7226,0.8,0.9404,0.8848,0.3561
135,Osmadenia tenella,False Rosinweed,Plantae,High (70-90%),0.7287,0.13,6,0.5533,0.6496,0.6787,0.848,0.9039,0.7389
136,Circus hudsonius,Northern Harrier,Aves,High (70-90%),0.7259,0.0933,6,0.6567,0.754,0.8459,0.58,0.7633,0.7558
137,Rubroboletus satanas,Devil's Bolete,Fungi,High (70-90%),0.7235,0.0914,6,0.5909,0.7899,0.8516,0.667,0.7111,0.7304
138,Taraxacum,common dandelions,Plantae,High (70-90%),0.7235,0.0914,6,0.5909,0.7899,0.8516,0.667,0.7111,0.7304
139,Erigeron foliosus,Leafy Fleabane,Plantae,High (70-90%),0.7212,0.167,5,0.4581,0.7251,0.9073,0.5981,0.8434,0.7951
140,Caloboletus marshii,Ben's Bitter Bolete,Fungi,High (70-90%),0.7155,0.1335,6,0.5787,0.6098,0.6193,0.8838,0.8604,0.741
141,Catalinia castanea,,Arachnida,High (70-90%),0.7132,0.2386,5,0.5084,0.8119,0.9415,0.3405,0.9111,0.7657
142,Cryptantha,Annual Cryptanthas,Plantae,High (70-90%),0.7083,0.0989,6,0.58,0.7322,0.75,0.6608,0.8679,0.6588
143,Peucetia viridans,Green Lynx Spider,Arachnida,High (70-90%),0.7048,0.2402,5,0.7581,0.8345,0.9521,0.2816,0.8206,0.5819
144,Turdus migratorius,American Robin,Aves,High (70-90%),0.7024,0.2055,4,0.69,0.4803,0.4465,0.9686,0.8051,0.8239
145,Tenthredinidae,Common Sawflies,Insecta,High (70-90%),0.7024,0.2055,4,0.69,0.4803,0.4465,0.9686,0.8051,0.8239
146,Pellaea mucronata,bird's foot cliffbrake,Plantae,Good (50-70%),0.6839,0.2057,5,0.6597,0.737,0.7901,0.7363,0.8874,0.2931
147,Lupinus hirsutissimus,Stinging Lupine,Plantae,Good (50-70%),0.6785,0.3023,4,0.8201,0.8725,0.966,0.2309,0.8153,0.366
148,Stenodynerus,,Insecta,Good (50-70%),0.666,0.1774,4,0.4901,0.729,0.8251,0.4123,0.6946,0.8448
149,Ozophora,,Insecta,Good (50-70%),0.6565,0.2661,5,0.5874,0.8161,0.9372,0.1686,0.7094,0.7204
150,Navarretia hamata leptantha,Slender-Flowered Hooked Navarretia,Plantae,Good (50-70%),0.6565,0.2661,5,0.5874,0.8161,0.9372,0.1686,0.7094,0.7204
151,Russula bicolor,,Fungi,Good (50-70%),0.6501,0.3284,4,0.3517,0.8086,0.9459,0.1353,0.8932,0.7657
152,Falco sparverius,American Kestrel,Aves,Good (50-70%),0.6145,0.199,3,0.4967,0.7102,0.8655,0.4108,0.7893,0.4145
153,Troglodytes aedon,Northern House Wren,Aves,Good (50-70%),0.6084,0.1844,4,0.4425,0.6721,0.7263,0.3283,0.8155,0.6655
154,Oenothera,"evening primroses, sundrops, and beeblossoms",Plantae,Good (50-70%),0.6084,0.1844,4,0.4425,0.6721,0.7263,0.3283,0.8155,0.6655
155,Thyridanthrax nugator,,Insecta,Good (50-70%),0.6084,0.1844,4,0.4425,0.6721,0.7263,0.3283,0.8155,0.6655
156,Tetranychus urticae,Twospotted Spider Mite,Arachnida,Good (50-70%),0.6084,0.1844,4,0.4425,0.6721,0.7263,0.3283,0.8155,0.6655
157,Hemeroplanis historialis,,Insecta,Good (50-70%),0.6084,0.1844,4,0.4425,0.6721,0.7263,0.3283,0.8155,0.6655
158,Helvella macropus,long-stalked gray cup,Fungi,Good (50-70%),0.6049,0.3169,4,0.3412,0.753,0.9307,0.1068,0.8356,0.662
159,Helvella crispa,White Saddle,Fungi,Good (50-70%),0.6049,0.3169,4,0.3412,0.753,0.9307,0.1068,0.8356,0.662
160,Lupinus succulentus,arroyo lupine,Plantae,Good (50-70%),0.6012,0.2722,4,0.7136,0.7591,0.829,0.4049,0.7642,0.1366
161,Scirpus microcarpus,Panicled Bulrush,Plantae,Good (50-70%),0.5563,0.2866,4,0.5919,0.7272,0.7749,0.1874,0.8401,0.2161
162,Cucurbita,gourds,Plantae,Good (50-70%),0.5326,0.1966,4,0.5353,0.5694,0.6,0.2169,0.8186,0.4556
163,Pompiloidea,"Spider Wasps, Velvet Ants, and Allies",Insecta,Good (50-70%),0.5277,0.2918,4,0.5826,0.7314,0.8567,0.0464,0.6085,0.3407
164,Trifolieae,,Plantae,Good (50-70%),0.5277,0.2918,4,0.5826,0.7314,0.8567,0.0464,0.6085,0.3407
165,Achyrachaena mollis,Blow Wives,Plantae,Good (50-70%),0.5277,0.2918,4,0.5826,0.7314,0.8567,0.0464,0.6085,0.3407
166,Acmispon,deervetch,Plantae,Good (50-70%),0.5051,0.2564,3,0.4792,0.6514,0.8514,0.1049,0.5822,0.3615
167,Asteroideae,,Plantae,Moderate (30-50%),0.4951,0.2882,3,0.41,0.6966,0.8475,0.0289,0.6079,0.3796
168,Tricholoma imbricatoides,,Fungi,Moderate (30-50%),0.4915,0.277,3,0.2333,0.2472,0.3101,0.7828,0.8647,0.5107
169,Cistus creticus,Hoary Rock-rose,Plantae,Moderate (30-50%),0.4882,0.1092,3,0.435,0.5311,0.5798,0.3283,0.622,0.4329
170,Anthocharis sara,Sara Orangetip,Insecta,Moderate (30-50%),0.4843,0.1914,4,0.5933,0.6343,0.6561,0.3111,0.5227,0.1881
171,Phidippus johnsoni,Johnson's Jumping Spider,Arachnida,Moderate (30-50%),0.4831,0.1373,3,0.5799,0.594,0.6014,0.4551,0.4163,0.2521
172,Entoloma lividoalbum,,Fungi,Moderate (30-50%),0.4794,0.2275,3,0.1967,0.3036,0.3429,0.7381,0.7012,0.5941
173,Daucus pusillus,American wild carrot,Plantae,Moderate (30-50%),0.461,0.346,3,0.6481,0.7122,0.8678,0.0593,0.4338,0.045
174,Misumenoides formosipes,White-banded Crab Spider,Arachnida,Moderate (30-50%),0.4577,0.2239,4,0.5315,0.5683,0.6524,0.2769,0.6256,0.0913
175,Helvella compressa,,Fungi,Moderate (30-50%),0.4546,0.3276,3,0.6037,0.7356,0.7961,0.0417,0.4802,0.0704
176,Stephanomeria virgata,rod wirelettuce,Plantae,Moderate (30-50%),0.45,0.2552,2,0.4697,0.643,0.8091,0.0782,0.3714,0.3287
177,Ammophila,Thread-waisted Sand Wasps,Insecta,Moderate (30-50%),0.45,0.2552,2,0.4697,0.643,0.8091,0.0782,0.3714,0.3287
178,Cuscuta campestris,Field Dodder,Plantae,Moderate (30-50%),0.45,0.2552,2,0.4697,0.643,0.8091,0.0782,0.3714,0.3287
179,Selasphorus sasin,Allen's Hummingbird,Aves,Moderate (30-50%),0.4488,0.2587,4,0.5952,0.5879,0.6361,0.1903,0.6323,0.0509
180,Pituophis catenifer annectens,San Diego Gopher Snake,Reptilia,Moderate (30-50%),0.4472,0.163,2,0.2533,0.3285,0.3413,0.6352,0.6261,0.4985
181,Cirsium,Plume Thistles,Plantae,Moderate (30-50%),0.4458,0.2562,4,0.5533,0.665,0.6805,0.1291,0.5273,0.1195
182,Trirhabda,,Insecta,Moderate (30-50%),0.44,0.3323,2,0.3196,0.714,0.9171,0.023,0.4715,0.1947
183,Eriogonum fasciculatum fasciculatum,Coastal California Buckwheat,Plantae,Moderate (30-50%),0.44,0.3323,2,0.3196,0.714,0.9171,0.023,0.4715,0.1947
184,Slaterocoris,,Insecta,Moderate (30-50%),0.44,0.3323,2,0.3196,0.714,0.9171,0.023,0.4715,0.1947
185,Pruinomycena acicula,orange bonnet,Fungi,Moderate (30-50%),0.439,0.2344,2,0.4467,0.6543,0.7004,0.0499,0.4366,0.3462
186,Lactuca serriola,prickly lettuce,Plantae,Moderate (30-50%),0.4313,0.3831,3,0.672,0.7454,0.8794,0.0066,0.2626,0.0221
187,Roanokenses,Amanita sect. Roanokenses,Fungi,Moderate (30-50%),0.431,0.2672,2,0.4527,0.657,0.8099,0.0823,0.2628,0.3212
188,Punctularia atropurpurascens,Purple Fuzz,Fungi,Moderate (30-50%),0.4165,0.2222,2,0.1867,0.2468,0.2533,0.6761,0.6807,0.4551
189,Mutarda nigra,Black Mustard,Plantae,Moderate (30-50%),0.416,0.3555,3,0.662,0.6926,0.8199,0.016,0.2815,0.0242
190,Cyathus,,Fungi,Moderate (30-50%),0.4125,0.2166,2,0.3267,0.6127,0.6688,0.0645,0.3991,0.4031
191,Xenoglossa pruinosa,Pruinose Squash Bee,Insecta,Moderate (30-50%),0.4092,0.2753,2,0.409,0.6386,0.813,0.0679,0.3086,0.2181
192,Trachemys scripta scripta,Yellow-bellied Slider,Reptilia,Moderate (30-50%),0.4092,0.211,2,0.2833,0.5886,0.6626,0.0774,0.4205,0.4226
193,Ischnura cervula,Pacific Forktail,Insecta,Moderate (30-50%),0.4091,0.319,2,0.1267,0.6374,0.8763,0.0298,0.476,0.3083
194,Coprinellus bipellis,,Fungi,Moderate (30-50%),0.4091,0.319,2,0.1267,0.6374,0.8763,0.0298,0.476,0.3083
195,Graphocephala atropunctata,Blue-green Sharpshooter,Insecta,Moderate (30-50%),0.4091,0.319,2,0.1267,0.6374,0.8763,0.0298,0.476,0.3083
196,Microtus californicus,California Vole,Mammalia,Moderate (30-50%),0.4091,0.319,2,0.1267,0.6374,0.8763,0.0298,0.476,0.3083
197,Solanum,nightshades,Plantae,Moderate (30-50%),0.4071,0.3602,3,0.6281,0.7047,0.8285,0.0106,0.2553,0.0154
198,Juglans californica,Southern California Walnut,Plantae,Moderate (30-50%),0.4043,0.2058,2,0.2762,0.3431,0.4151,0.1253,0.7,0.5662
199,Nemognatha,,Insecta,Moderate (30-50%),0.4032,0.203,2,0.2833,0.5699,0.6511,0.0837,0.4086,0.4226
200,Agulla,Common Snakeflies,Insecta,Moderate (30-50%),0.4032,0.203,2,0.2833,0.5699,0.6511,0.0837,0.4086,0.4226
201,Mecaphesa,,Arachnida,Moderate (30-50%),0.4032,0.203,2,0.2833,0.5699,0.6511,0.0837,0.4086,0.4226
202,Neotephritis finalis,Sunflower Seed Maggot,Insecta,Moderate (30-50%),0.4032,0.203,2,0.2833,0.5699,0.6511,0.0837,0.4086,0.4226
203,Neoscona crucifera,Spotted Orbweaver,Arachnida,Moderate (30-50%),0.4004,0.1905,3,0.5178,0.549,0.5816,0.0828,0.3769,0.294
204,Agaricus xanthodermus,Yellow Stainer,Fungi,Moderate (30-50%),0.3965,0.1519,1,0.2829,0.3402,0.4105,0.248,0.6727,0.4248
205,Misumenini,,Arachnida,Moderate (30-50%),0.3891,0.2721,2,0.2325,0.5754,0.7894,0.0158,0.4301,0.2913
206,Sorghum bicolor,Sorghums,Plantae,Moderate (30-50%),0.3891,0.2721,2,0.2325,0.5754,0.7894,0.0158,0.4301,0.2913
207,Agromyzidae,Leaf-miner Flies,Insecta,Moderate (30-50%),0.3871,0.2835,2,0.3837,0.629,0.7873,0.0214,0.3289,0.1726
208,Thaumatomyia,,Insecta,Moderate (30-50%),0.3871,0.2835,2,0.3837,0.629,0.7873,0.0214,0.3289,0.1726
209,Thecabius,,Insecta,Moderate (30-50%),0.3871,0.2835,2,0.3837,0.629,0.7873,0.0214,0.3289,0.1726
210,Aphididae,Aphids,Insecta,Moderate (30-50%),0.3871,0.2835,2,0.3837,0.629,0.7873,0.0214,0.3289,0.1726
211,Trirhabda luteocincta,Goldenbush beetle,Insecta,Moderate (30-50%),0.3871,0.2835,2,0.3837,0.629,0.7873,0.0214,0.3289,0.1726
212,Acridoidea,Short-horned Grasshoppers and Locusts,Insecta,Moderate (30-50%),0.3871,0.2835,2,0.3837,0.629,0.7873,0.0214,0.3289,0.1726
213,Exoristinae,,Insecta,Moderate (30-50%),0.3871,0.2835,2,0.3837,0.629,0.7873,0.0214,0.3289,0.1726
214,Caladonus coquilletti,,Insecta,Moderate (30-50%),0.3871,0.2835,2,0.3837,0.629,0.7873,0.0214,0.3289,0.1726
215,Colletes,Cellophane Bees,Insecta,Moderate (30-50%),0.3871,0.2835,2,0.3837,0.629,0.7873,0.0214,0.3289,0.1726
216,Stagmomantis californica,California Mantis,Insecta,Moderate (30-50%),0.3871,0.2835,2,0.3837,0.629,0.7873,0.0214,0.3289,0.1726
217,Paspalum dilatatum,Dallis grass,Plantae,Moderate (30-50%),0.3871,0.2835,2,0.3837,0.629,0.7873,0.0214,0.3289,0.1726
218,Ochlodes sylvanoides,Woodland Skipper,Insecta,Moderate (30-50%),0.3862,0.1511,1,0.2467,0.3308,0.3469,0.4093,0.6751,0.3081
219,Sonchus,sow thistles,Plantae,Moderate (30-50%),0.3828,0.2164,2,0.2733,0.5733,0.6659,0.0592,0.3519,0.3731
220,Crotalus ruber,Red Diamond Rattlesnake,Reptilia,Moderate (30-50%),0.3828,0.2164,2,0.2733,0.5733,0.6659,0.0592,0.3519,0.3731
221,Pezizales,,Fungi,Moderate (30-50%),0.3821,0.3037,3,0.5154,0.6164,0.7772,0.0687,0.2868,0.0283
222,Bubo virginianus pacificus,Coastal Great Horned Owl,Aves,Moderate (30-50%),0.3722,0.2317,2,0.1433,0.1752,0.2354,0.4141,0.7357,0.5292
223,Lonicera,honeysuckles,Plantae,Moderate (30-50%),0.3659,0.1218,0,0.34,0.4628,0.4831,0.2821,0.4515,0.1761
224,Sympetrum corruptum,Variegated Meadowhawk,Insecta,Moderate (30-50%),0.363,0.2907,2,0.4289,0.6188,0.7589,0.0048,0.2219,0.1445
225,Gilia angelensis,chaparral gilia,Plantae,Moderate (30-50%),0.363,0.2907,2,0.4289,0.6188,0.7589,0.0048,0.2219,0.1445
226,Braconidae,Braconid Wasps,Insecta,Moderate (30-50%),0.3618,0.284,2,0.4024,0.6127,0.7511,0.0051,0.2606,0.1389
227,Flavoparmelia,greenshield lichens,Fungi,Moderate (30-50%),0.3568,0.3681,3,0.7067,0.6549,0.7151,0.0283,0.0326,0.0034
228,Coniontis,,Insecta,Moderate (30-50%),0.3524,0.1077,1,0.3067,0.4062,0.3845,0.1903,0.509,0.3176
229,Amsinckia tessellata,Bristly Fiddleneck,Plantae,Moderate (30-50%),0.3431,0.2794,2,0.2142,0.5462,0.7929,0.0186,0.2933,0.1933
230,Glomeromycota,Glomeromycetes,Fungi,Moderate (30-50%),0.3387,0.1436,1,0.1867,0.2371,0.2779,0.5877,0.4012,0.3418
231,Gymnopilus sapineus,Scaly Rustgill,Fungi,Moderate (30-50%),0.3387,0.1436,1,0.1867,0.2371,0.2779,0.5877,0.4012,0.3418
232,Paropsisterna m-fuscum,Eucalyptus Leaf Beetle,Insecta,Moderate (30-50%),0.337,0.0975,0,0.2333,0.3267,0.3301,0.4383,0.4612,0.2323
233,Quercus wislizeni,interior live oak,Plantae,Moderate (30-50%),0.3359,0.2322,1,0.1167,0.1384,0.2127,0.4516,0.7269,0.3688
234,Erynnis funeralis,Funereal Duskywing,Insecta,Moderate (30-50%),0.3359,0.2322,1,0.1167,0.1384,0.2127,0.4516,0.7269,0.3688
235,Brassicaceae,mustard family,Plantae,Moderate (30-50%),0.3284,0.2785,2,0.2275,0.5283,0.7801,0.0098,0.2632,0.1614
236,Archilestes californicus,California Spreadwing,Insecta,Moderate (30-50%),0.3247,0.257,2,0.492,0.5429,0.6202,0.0607,0.1892,0.0431
237,Melissodes,,Insecta,Moderate (30-50%),0.308,0.2901,2,0.4648,0.5479,0.6767,0.0261,0.1222,0.0102
238,Galium nuttallii,San Diego bedstraw,Plantae,Moderate (30-50%),0.3044,0.2519,2,0.4792,0.5182,0.5718,0.0238,0.217,0.0162
